"state_code","year","group","averiguaciones","population","rate","name","long_name"
1,1997,"ROBOS",4922,966192,509.42,"AGS","Aguascalientes"
1,1998,"ROBOS",3401,983399,345.84,"AGS","Aguascalientes"
1,1999,"ROBOS",3625,1000152,362.44,"AGS","Aguascalientes"
1,2000,"ROBOS",3121,1017005,306.88,"AGS","Aguascalientes"
1,2001,"ROBOS",3655,1034673,353.25,"AGS","Aguascalientes"
1,2002,"ROBOS",3364,1053016,319.46,"AGS","Aguascalientes"
1,2003,"ROBOS",3888,1071032,363.01,"AGS","Aguascalientes"
1,2004,"ROBOS",3471,1088275,318.95,"AGS","Aguascalientes"
1,2005,"ROBOS",3349,1105418,302.96,"AGS","Aguascalientes"
1,2006,"ROBOS",4211,1123566,374.79,"AGS","Aguascalientes"
1,2007,"ROBOS",6374,1143522,557.4,"AGS","Aguascalientes"
1,2008,"ROBOS",7776,1164976,667.48,"AGS","Aguascalientes"
1,2009,"ROBOS",8431,1185864,710.96,"AGS","Aguascalientes"
1,2010,"ROBOS",8703,1205440,721.98,"AGS","Aguascalientes"
1,2011,"ROBOS",12608,1224508,1029.64,"AGS","Aguascalientes"
1,2012,"ROBOS",11652,1243093,937.34,"AGS","Aguascalientes"
1,2013,"ROBOS",9932,1261220,787.49,"AGS","Aguascalientes"
2,1997,"ROBOS",60305,2347037,2569.41,"BC","Baja California"
2,1998,"ROBOS",68603,2428435,2824.99,"BC","Baja California"
2,1999,"ROBOS",63015,2509531,2511.03,"BC","Baja California"
2,2000,"ROBOS",52601,2588605,2032.02,"BC","Baja California"
2,2001,"ROBOS",46945,2665100,1761.47,"BC","Baja California"
2,2002,"ROBOS",44164,2739379,1612.19,"BC","Baja California"
2,2003,"ROBOS",44403,2810931,1579.65,"BC","Baja California"
2,2004,"ROBOS",53983,2879305,1874.86,"BC","Baja California"
2,2005,"ROBOS",51778,2945057,1758.13,"BC","Baja California"
2,2006,"ROBOS",59439,3009612,1974.97,"BC","Baja California"
2,2007,"ROBOS",72838,3073746,2369.68,"BC","Baja California"
2,2008,"ROBOS",75075,3137014,2393.2,"BC","Baja California"
2,2009,"ROBOS",68707,3196582,2149.39,"BC","Baja California"
2,2010,"ROBOS",63017,3250122,1938.91,"BC","Baja California"
2,2011,"ROBOS",70175,3302011,2125.22,"BC","Baja California"
2,2012,"ROBOS",63286,3354852,1886.4,"BC","Baja California"
2,2013,"ROBOS",57115,3407012,1676.4,"BC","Baja California"
3,1997,"ROBOS",5518,433282,1273.54,"BCS","Baja California Sur"
3,1998,"ROBOS",4894,446626,1095.77,"BCS","Baja California Sur"
3,1999,"ROBOS",5063,459898,1100.9,"BCS","Baja California Sur"
3,2000,"ROBOS",5208,473322,1100.31,"BCS","Baja California Sur"
3,2001,"ROBOS",5774,487856,1183.55,"BCS","Baja California Sur"
3,2002,"ROBOS",5942,503676,1179.73,"BCS","Baja California Sur"
3,2003,"ROBOS",5347,520478,1027.32,"BCS","Baja California Sur"
3,2004,"ROBOS",6060,537950,1126.5,"BCS","Baja California Sur"
3,2005,"ROBOS",8108,555900,1458.54,"BCS","Baja California Sur"
3,2006,"ROBOS",7725,574832,1343.87,"BCS","Baja California Sur"
3,2007,"ROBOS",8596,594991,1444.73,"BCS","Baja California Sur"
3,2008,"ROBOS",8387,616122,1361.26,"BCS","Baja California Sur"
3,2009,"ROBOS",5973,638258,935.83,"BCS","Baja California Sur"
3,2010,"ROBOS",6429,661149,972.4,"BCS","Baja California Sur"
3,2011,"ROBOS",8311,684046,1214.98,"BCS","Baja California Sur"
3,2012,"ROBOS",9174,706802,1297.96,"BCS","Baja California Sur"
3,2013,"ROBOS",10434,729616,1430.07,"BCS","Baja California Sur"
4,1997,"ROBOS",2991,666544,448.73,"CAM","Campeche"
4,1998,"ROBOS",2741,680547,402.76,"CAM","Campeche"
4,1999,"ROBOS",2282,694065,328.79,"CAM","Campeche"
4,2000,"ROBOS",1382,707358,195.37,"CAM","Campeche"
4,2001,"ROBOS",911,720777,126.39,"CAM","Campeche"
4,2002,"ROBOS",779,734330,106.08,"CAM","Campeche"
4,2003,"ROBOS",573,747868,76.62,"CAM","Campeche"
4,2004,"ROBOS",447,761360,58.71,"CAM","Campeche"
4,2005,"ROBOS",449,774858,57.95,"CAM","Campeche"
4,2006,"ROBOS",662,788535,83.95,"CAM","Campeche"
4,2007,"ROBOS",417,802543,51.96,"CAM","Campeche"
4,2008,"ROBOS",438,816854,53.62,"CAM","Campeche"
4,2009,"ROBOS",540,830410,65.03,"CAM","Campeche"
4,2010,"ROBOS",753,844560,89.16,"CAM","Campeche"
4,2011,"ROBOS",624,859374,72.61,"CAM","Campeche"
4,2012,"ROBOS",407,873337,46.6,"CAM","Campeche"
4,2013,"ROBOS",714,887218,80.48,"CAM","Campeche"
5,1997,"ROBOS",10414,2295840,453.6,"COA","Coahuila de Zaragoza"
5,1998,"ROBOS",7052,2334921,302.02,"COA","Coahuila de Zaragoza"
5,1999,"ROBOS",6436,2374093,271.09,"COA","Coahuila de Zaragoza"
5,2000,"ROBOS",8345,2413499,345.76,"COA","Coahuila de Zaragoza"
5,2001,"ROBOS",9128,2453082,372.1,"COA","Coahuila de Zaragoza"
5,2002,"ROBOS",8224,2492591,329.94,"COA","Coahuila de Zaragoza"
5,2003,"ROBOS",8785,2531234,347.06,"COA","Coahuila de Zaragoza"
5,2004,"ROBOS",9935,2568863,386.75,"COA","Coahuila de Zaragoza"
5,2005,"ROBOS",9412,2606425,361.11,"COA","Coahuila de Zaragoza"
5,2006,"ROBOS",9916,2644676,374.94,"COA","Coahuila de Zaragoza"
5,2007,"ROBOS",11662,2683962,434.51,"COA","Coahuila de Zaragoza"
5,2008,"ROBOS",17299,2723936,635.07,"COA","Coahuila de Zaragoza"
5,2009,"ROBOS",21277,2762990,770.07,"COA","Coahuila de Zaragoza"
5,2010,"ROBOS",23881,2800045,852.88,"COA","Coahuila de Zaragoza"
5,2011,"ROBOS",21747,2836206,766.76,"COA","Coahuila de Zaragoza"
5,2012,"ROBOS",22346,2872221,778,"COA","Coahuila de Zaragoza"
5,2013,"ROBOS",20712,2907851,712.28,"COA","Coahuila de Zaragoza"
6,1997,"ROBOS",4632,535262,865.37,"COL","Colima"
6,1998,"ROBOS",4114,541355,759.94,"COL","Colima"
6,1999,"ROBOS",1239,547220,226.42,"COL","Colima"
6,2000,"ROBOS",984,554130,177.58,"COL","Colima"
6,2001,"ROBOS",1130,562178,201,"COL","Colima"
6,2002,"ROBOS",1215,570900,212.82,"COL","Colima"
6,2003,"ROBOS",1288,579781,222.15,"COL","Colima"
6,2004,"ROBOS",2505,588989,425.31,"COL","Colima"
6,2005,"ROBOS",2660,599444,443.74,"COL","Colima"
6,2006,"ROBOS",2571,611104,420.71,"COL","Colima"
6,2007,"ROBOS",2919,623876,467.88,"COL","Colima"
6,2008,"ROBOS",2432,637828,381.29,"COL","Colima"
6,2009,"ROBOS",2650,651980,406.45,"COL","Colima"
6,2010,"ROBOS",3095,665586,465,"COL","Colima"
6,2011,"ROBOS",5458,678828,804.03,"COL","Colima"
6,2012,"ROBOS",6383,691844,922.61,"COL","Colima"
6,2013,"ROBOS",4927,704638,699.22,"COL","Colima"
7,1997,"ROBOS",7549,3950814,191.07,"CHIS","Chiapas"
7,1998,"ROBOS",7470,4038868,184.95,"CHIS","Chiapas"
7,1999,"ROBOS",6269,4124132,152.01,"CHIS","Chiapas"
7,2000,"ROBOS",6104,4202342,145.25,"CHIS","Chiapas"
7,2001,"ROBOS",7566,4279389,176.8,"CHIS","Chiapas"
7,2002,"ROBOS",8087,4358108,185.56,"CHIS","Chiapas"
7,2003,"ROBOS",8158,4436926,183.87,"CHIS","Chiapas"
7,2004,"ROBOS",8380,4512810,185.69,"CHIS","Chiapas"
7,2005,"ROBOS",7369,4582616,160.8,"CHIS","Chiapas"
7,2006,"ROBOS",6909,4652106,148.51,"CHIS","Chiapas"
7,2007,"ROBOS",7362,4725047,155.81,"CHIS","Chiapas"
7,2008,"ROBOS",6763,4799203,140.92,"CHIS","Chiapas"
7,2009,"ROBOS",5671,4870040,116.45,"CHIS","Chiapas"
7,2010,"ROBOS",7100,4942194,143.66,"CHIS","Chiapas"
7,2011,"ROBOS",8383,5015600,167.14,"CHIS","Chiapas"
7,2012,"ROBOS",7476,5084877,147.02,"CHIS","Chiapas"
7,2013,"ROBOS",7876,5152879,152.85,"CHIS","Chiapas"
8,1997,"ROBOS",29996,2839556,1056.36,"CHIH","Chihuahua"
8,1998,"ROBOS",29698,2897672,1024.89,"CHIH","Chihuahua"
8,1999,"ROBOS",22378,2957462,756.66,"CHIH","Chihuahua"
8,2000,"ROBOS",22025,3018308,729.71,"CHIH","Chihuahua"
8,2001,"ROBOS",25569,3078290,830.62,"CHIH","Chihuahua"
8,2002,"ROBOS",24601,3136673,784.3,"CHIH","Chihuahua"
8,2003,"ROBOS",25931,3192160,812.33,"CHIH","Chihuahua"
8,2004,"ROBOS",26724,3244587,823.65,"CHIH","Chihuahua"
8,2005,"ROBOS",31349,3296374,951.01,"CHIH","Chihuahua"
8,2006,"ROBOS",35085,3349492,1047.47,"CHIH","Chihuahua"
8,2007,"ROBOS",29428,3404030,864.5,"CHIH","Chihuahua"
8,2008,"ROBOS",39146,3458305,1131.94,"CHIH","Chihuahua"
8,2009,"ROBOS",39676,3505183,1131.92,"CHIH","Chihuahua"
8,2010,"ROBOS",40352,3542260,1139.16,"CHIH","Chihuahua"
8,2011,"ROBOS",32557,3579020,909.66,"CHIH","Chihuahua"
8,2012,"ROBOS",23370,3617379,646.05,"CHIH","Chihuahua"
8,2013,"ROBOS",20330,3654654,556.28,"CHIH","Chihuahua"
9,1997,"ROBOS",143067,8904064,1606.76,"DF","Distrito Federal"
9,1998,"ROBOS",149930,8920544,1680.73,"DF","Distrito Federal"
9,1999,"ROBOS",147330,8936556,1648.62,"DF","Distrito Federal"
9,2000,"ROBOS",107738,8953032,1203.37,"DF","Distrito Federal"
9,2001,"ROBOS",102020,8967336,1137.68,"DF","Distrito Federal"
9,2002,"ROBOS",96271,8977879,1072.31,"DF","Distrito Federal"
9,2003,"ROBOS",95623,8982537,1064.54,"DF","Distrito Federal"
9,2004,"ROBOS",88795,8982860,988.49,"DF","Distrito Federal"
9,2005,"ROBOS",81379,8981434,906.08,"DF","Distrito Federal"
9,2006,"ROBOS",78264,8978979,871.64,"DF","Distrito Federal"
9,2007,"ROBOS",86647,8975327,965.39,"DF","Distrito Federal"
9,2008,"ROBOS",92884,8971100,1035.37,"DF","Distrito Federal"
9,2009,"ROBOS",97825,8964855,1091.21,"DF","Distrito Federal"
9,2010,"ROBOS",99349,8951680,1109.84,"DF","Distrito Federal"
9,2011,"ROBOS",92185,8935150,1031.71,"DF","Distrito Federal"
9,2012,"ROBOS",88701,8918638,994.56,"DF","Distrito Federal"
9,2013,"ROBOS",85505,8901210,960.6,"DF","Distrito Federal"
10,1997,"ROBOS",2068,1477610,139.96,"DUR","Durango"
10,1998,"ROBOS",3563,1485282,239.89,"DUR","Durango"
10,1999,"ROBOS",3761,1492959,251.92,"DUR","Durango"
10,2000,"ROBOS",6236,1504712,414.43,"DUR","Durango"
10,2001,"ROBOS",6118,1518804,402.82,"DUR","Durango"
10,2002,"ROBOS",5411,1533026,352.96,"DUR","Durango"
10,2003,"ROBOS",4746,1545979,306.99,"DUR","Durango"
10,2004,"ROBOS",5761,1558966,369.54,"DUR","Durango"
10,2005,"ROBOS",3615,1575853,229.4,"DUR","Durango"
10,2006,"ROBOS",958,1595446,60.05,"DUR","Durango"
10,2007,"ROBOS",1824,1616868,112.81,"DUR","Durango"
10,2008,"ROBOS",7336,1639182,447.54,"DUR","Durango"
10,2009,"ROBOS",6385,1659928,384.66,"DUR","Durango"
10,2010,"ROBOS",15755,1680116,937.73,"DUR","Durango"
10,2011,"ROBOS",15695,1700080,923.19,"DUR","Durango"
10,2012,"ROBOS",11755,1719085,683.79,"DUR","Durango"
10,2013,"ROBOS",12305,1737617,708.15,"DUR","Durango"
11,1997,"ROBOS",16852,5054560,333.4,"GTO","Guanajuato"
11,1998,"ROBOS",16467,5094451,323.23,"GTO","Guanajuato"
11,1999,"ROBOS",13852,5128910,270.08,"GTO","Guanajuato"
11,2000,"ROBOS",14763,5157152,286.26,"GTO","Guanajuato"
11,2001,"ROBOS",17326,5189584,333.86,"GTO","Guanajuato"
11,2002,"ROBOS",18180,5228205,347.73,"GTO","Guanajuato"
11,2003,"ROBOS",19046,5265170,361.74,"GTO","Guanajuato"
11,2004,"ROBOS",19888,5295090,375.59,"GTO","Guanajuato"
11,2005,"ROBOS",22296,5320564,419.05,"GTO","Guanajuato"
11,2006,"ROBOS",24662,5355276,460.52,"GTO","Guanajuato"
11,2007,"ROBOS",25203,5407332,466.09,"GTO","Guanajuato"
11,2008,"ROBOS",30079,5470487,549.84,"GTO","Guanajuato"
11,2009,"ROBOS",33603,5530928,607.55,"GTO","Guanajuato"
11,2010,"ROBOS",30687,5586600,549.3,"GTO","Guanajuato"
11,2011,"ROBOS",32430,5641440,574.85,"GTO","Guanajuato"
11,2012,"ROBOS",31751,5693945,557.63,"GTO","Guanajuato"
11,2013,"ROBOS",28936,5744616,503.71,"GTO","Guanajuato"
12,1997,"ROBOS",9977,3196368,312.14,"GRO","Guerrero"
12,1998,"ROBOS",8510,3210085,265.1,"GRO","Guerrero"
12,1999,"ROBOS",8044,3221127,249.73,"GRO","Guerrero"
12,2000,"ROBOS",10628,3233460,328.69,"GRO","Guerrero"
12,2001,"ROBOS",8938,3249338,275.07,"GRO","Guerrero"
12,2002,"ROBOS",8047,3267370,246.28,"GRO","Guerrero"
12,2003,"ROBOS",5654,3284024,172.17,"GRO","Guerrero"
12,2004,"ROBOS",4111,3298900,124.62,"GRO","Guerrero"
12,2005,"ROBOS",3623,3315913,109.26,"GRO","Guerrero"
12,2006,"ROBOS",4493,3337660,134.62,"GRO","Guerrero"
12,2007,"ROBOS",5958,3365386,177.04,"GRO","Guerrero"
12,2008,"ROBOS",7004,3398068,206.12,"GRO","Guerrero"
12,2009,"ROBOS",7632,3429734,222.52,"GRO","Guerrero"
12,2010,"ROBOS",6914,3458859,199.89,"GRO","Guerrero"
12,2011,"ROBOS",15384,3486480,441.25,"GRO","Guerrero"
12,2012,"ROBOS",15135,3511682,430.99,"GRO","Guerrero"
12,2013,"ROBOS",14028,3535284,396.8,"GRO","Guerrero"
13,1997,"ROBOS",5584,2351497,237.47,"HGO","Hidalgo"
13,1998,"ROBOS",5138,2367270,217.04,"HGO","Hidalgo"
13,1999,"ROBOS",4670,2382633,196,"HGO","Hidalgo"
13,2000,"ROBOS",5058,2399371,210.81,"HGO","Hidalgo"
13,2001,"ROBOS",5641,2419951,233.1,"HGO","Hidalgo"
13,2002,"ROBOS",5342,2443912,218.58,"HGO","Hidalgo"
13,2003,"ROBOS",5769,2468402,233.71,"HGO","Hidalgo"
13,2004,"ROBOS",6569,2492457,263.56,"HGO","Hidalgo"
13,2005,"ROBOS",7488,2518216,297.35,"HGO","Hidalgo"
13,2006,"ROBOS",7969,2548586,312.68,"HGO","Hidalgo"
13,2007,"ROBOS",8225,2585203,318.16,"HGO","Hidalgo"
13,2008,"ROBOS",10547,2627220,401.45,"HGO","Hidalgo"
13,2009,"ROBOS",11612,2669675,434.96,"HGO","Hidalgo"
13,2010,"ROBOS",13685,2710328,504.92,"HGO","Hidalgo"
13,2011,"ROBOS",10517,2749772,382.47,"HGO","Hidalgo"
13,2012,"ROBOS",9542,2787654,342.29,"HGO","Hidalgo"
13,2013,"ROBOS",10751,2824559,380.63,"HGO","Hidalgo"
14,1997,"ROBOS",42474,6369852,666.8,"JAL","Jalisco"
14,1998,"ROBOS",35771,6426789,556.59,"JAL","Jalisco"
14,1999,"ROBOS",35102,6482823,541.46,"JAL","Jalisco"
14,2000,"ROBOS",34230,6552940,522.36,"JAL","Jalisco"
14,2001,"ROBOS",38099,6632028,574.47,"JAL","Jalisco"
14,2002,"ROBOS",36508,6712270,543.9,"JAL","Jalisco"
14,2003,"ROBOS",34690,6788019,511.05,"JAL","Jalisco"
14,2004,"ROBOS",29977,6863332,436.77,"JAL","Jalisco"
14,2005,"ROBOS",25406,6952212,365.44,"JAL","Jalisco"
14,2006,"ROBOS",25733,7051282,364.94,"JAL","Jalisco"
14,2007,"ROBOS",26255,7157616,366.81,"JAL","Jalisco"
14,2008,"ROBOS",23305,7272788,320.44,"JAL","Jalisco"
14,2009,"ROBOS",23975,7387309,324.54,"JAL","Jalisco"
14,2010,"ROBOS",34347,7492929,458.39,"JAL","Jalisco"
14,2011,"ROBOS",35937,7593692,473.25,"JAL","Jalisco"
14,2012,"ROBOS",34809,7693228,452.46,"JAL","Jalisco"
14,2013,"ROBOS",44734,7790156,574.24,"JAL","Jalisco"
15,1997,"ROBOS",64697,12289466,526.44,"MEX","Estado de M̩xico"
15,1998,"ROBOS",87112,12551530,694.03,"MEX","Estado de M̩xico"
15,1999,"ROBOS",76900,12805993,600.5,"MEX","Estado de M̩xico"
15,2000,"ROBOS",74089,13064174,567.12,"MEX","Estado de M̩xico"
15,2001,"ROBOS",85210,13327545,639.35,"MEX","Estado de M̩xico"
15,2002,"ROBOS",79878,13591628,587.7,"MEX","Estado de M̩xico"
15,2003,"ROBOS",78478,13850796,566.6,"MEX","Estado de M̩xico"
15,2004,"ROBOS",72433,14105797,513.5,"MEX","Estado de M̩xico"
15,2005,"ROBOS",75911,14365268,528.43,"MEX","Estado de M̩xico"
15,2006,"ROBOS",77069,14631162,526.75,"MEX","Estado de M̩xico"
15,2007,"ROBOS",90426,14902842,606.77,"MEX","Estado de M̩xico"
15,2008,"ROBOS",100788,15178014,664.04,"MEX","Estado de M̩xico"
15,2009,"ROBOS",111385,15443662,721.23,"MEX","Estado de M̩xico"
15,2010,"ROBOS",115251,15708618,733.68,"MEX","Estado de M̩xico"
15,2011,"ROBOS",109112,15976022,682.97,"MEX","Estado de M̩xico"
15,2012,"ROBOS",101621,16235348,625.92,"MEX","Estado de M̩xico"
15,2013,"ROBOS",106311,16491570,644.64,"MEX","Estado de M̩xico"
16,1997,"ROBOS",11126,4156338,267.69,"MICH","Michoac
16,1998,"ROBOS",10867,4160121,261.22,"MICH","Michoac
16,1999,"ROBOS",10032,4160466,241.13,"MICH","Michoac
16,2000,"ROBOS",9228,4169568,221.32,"MICH","Michoac
16,2001,"ROBOS",10052,4185422,240.17,"MICH","Michoac
16,2002,"ROBOS",10169,4203024,241.94,"MICH","Michoac
16,2003,"ROBOS",10852,4216484,257.37,"MICH","Michoac
16,2004,"ROBOS",11465,4227404,271.21,"MICH","Michoac
16,2005,"ROBOS",12096,4246321,284.86,"MICH","Michoac
16,2006,"ROBOS",15374,4274492,359.67,"MICH","Michoac
16,2007,"ROBOS",17620,4311970,408.63,"MICH","Michoac
16,2008,"ROBOS",19043,4357648,437,"MICH","Michoac
16,2009,"ROBOS",19187,4400943,435.97,"MICH","Michoac
16,2010,"ROBOS",16937,4439186,381.53,"MICH","Michoac
16,2011,"ROBOS",17934,4476415,400.63,"MICH","Michoac
16,2012,"ROBOS",17701,4512322,392.28,"MICH","Michoac
16,2013,"ROBOS",16936,4546882,372.48,"MICH","Michoac
17,1997,"ROBOS",8450,1558634,542.14,"MOR","Morelos"
17,1998,"ROBOS",8098,1572018,515.13,"MOR","Morelos"
17,1999,"ROBOS",9674,1584898,610.39,"MOR","Morelos"
17,2000,"ROBOS",9858,1601568,615.52,"MOR","Morelos"
17,2001,"ROBOS",10608,1620334,654.68,"MOR","Morelos"
17,2002,"ROBOS",9585,1639014,584.8,"MOR","Morelos"
17,2003,"ROBOS",8430,1656148,509.01,"MOR","Morelos"
17,2004,"ROBOS",9985,1672916,596.86,"MOR","Morelos"
17,2005,"ROBOS",11614,1693254,685.9,"MOR","Morelos"
17,2006,"ROBOS",13077,1716033,762.05,"MOR","Morelos"
17,2007,"ROBOS",13080,1740340,751.58,"MOR","Morelos"
17,2008,"ROBOS",13696,1766432,775.35,"MOR","Morelos"
17,2009,"ROBOS",19794,1791524,1104.87,"MOR","Morelos"
17,2010,"ROBOS",19806,1815264,1091.08,"MOR","Morelos"
17,2011,"ROBOS",18357,1839000,998.21,"MOR","Morelos"
17,2012,"ROBOS",21411,1862500,1149.58,"MOR","Morelos"
17,2013,"ROBOS",21934,1885790,1163.12,"MOR","Morelos"
18,1997,"ROBOS",2658,921764,288.36,"NAY","Nayarit"
18,1998,"ROBOS",3025,927663,326.09,"NAY","Nayarit"
18,1999,"ROBOS",3001,933374,321.52,"NAY","Nayarit"
18,2000,"ROBOS",3934,941794,417.71,"NAY","Nayarit"
18,2001,"ROBOS",4307,952620,452.12,"NAY","Nayarit"
18,2002,"ROBOS",2914,964650,302.08,"NAY","Nayarit"
18,2003,"ROBOS",1658,976988,169.71,"NAY","Nayarit"
18,2004,"ROBOS",1178,990286,118.96,"NAY","Nayarit"
18,2005,"ROBOS",3098,1006746,307.72,"NAY","Nayarit"
18,2006,"ROBOS",7507,1025905,731.74,"NAY","Nayarit"
18,2007,"ROBOS",4518,1047288,431.4,"NAY","Nayarit"
18,2008,"ROBOS",2458,1071224,229.46,"NAY","Nayarit"
18,2009,"ROBOS",2272,1096316,207.24,"NAY","Nayarit"
18,2010,"ROBOS",2828,1120538,252.38,"NAY","Nayarit"
18,2011,"ROBOS",2643,1143832,231.07,"NAY","Nayarit"
18,2012,"ROBOS",2252,1166926,192.99,"NAY","Nayarit"
18,2013,"ROBOS",1926,1189802,161.88,"NAY","Nayarit"
19,1997,"ROBOS",15203,3770918,403.16,"NL","Nuevo Le
19,1998,"ROBOS",7443,3841802,193.74,"NL","Nuevo Le
19,1999,"ROBOS",22051,3913478,563.46,"NL","Nuevo Le
19,2000,"ROBOS",22964,3988482,575.76,"NL","Nuevo Le
19,2001,"ROBOS",27905,4065193,686.44,"NL","Nuevo Le
19,2002,"ROBOS",25777,4141875,622.35,"NL","Nuevo Le
19,2003,"ROBOS",26099,4217487,618.83,"NL","Nuevo Le
19,2004,"ROBOS",24212,4292596,564.04,"NL","Nuevo Le
19,2005,"ROBOS",23233,4369661,531.69,"NL","Nuevo Le
19,2006,"ROBOS",26449,4448021,594.62,"NL","Nuevo Le
19,2007,"ROBOS",35472,4527038,783.56,"NL","Nuevo Le
19,2008,"ROBOS",36279,4606526,787.56,"NL","Nuevo Le
19,2009,"ROBOS",33227,4684726,709.26,"NL","Nuevo Le
19,2010,"ROBOS",38838,4760268,815.88,"NL","Nuevo Le
19,2011,"ROBOS",42934,4833054,888.34,"NL","Nuevo Le
19,2012,"ROBOS",27007,4904952,550.61,"NL","Nuevo Le
19,2013,"ROBOS",20831,4977324,418.52,"NL","Nuevo Le
20,1997,"ROBOS",5830,3609795,161.51,"OAX","Oaxaca"
20,1998,"ROBOS",4475,3639204,122.97,"OAX","Oaxaca"
20,1999,"ROBOS",5905,3663176,161.2,"OAX","Oaxaca"
20,2000,"ROBOS",5516,3674628,150.11,"OAX","Oaxaca"
20,2001,"ROBOS",7611,3687110,206.42,"OAX","Oaxaca"
20,2002,"ROBOS",7485,3706164,201.96,"OAX","Oaxaca"
20,2003,"ROBOS",8351,3727409,224.04,"OAX","Oaxaca"
20,2004,"ROBOS",7967,3744217,212.78,"OAX","Oaxaca"
20,2005,"ROBOS",5995,3751652,159.8,"OAX","Oaxaca"
20,2006,"ROBOS",8419,3763658,223.69,"OAX","Oaxaca"
20,2007,"ROBOS",8262,3788825,218.06,"OAX","Oaxaca"
20,2008,"ROBOS",7758,3821208,203.02,"OAX","Oaxaca"
20,2009,"ROBOS",11973,3853224,310.73,"OAX","Oaxaca"
20,2010,"ROBOS",13109,3884764,337.45,"OAX","Oaxaca"
20,2011,"ROBOS",12607,3916126,321.93,"OAX","Oaxaca"
20,2012,"ROBOS",11247,3944938,285.1,"OAX","Oaxaca"
20,2013,"ROBOS",12321,3972624,310.15,"OAX","Oaxaca"
21,1997,"ROBOS",16524,5077647,325.43,"PUE","Puebla"
21,1998,"ROBOS",17446,5150852,338.7,"PUE","Puebla"
21,1999,"ROBOS",16883,5219266,323.47,"PUE","Puebla"
21,2000,"ROBOS",17065,5275734,323.46,"PUE","Puebla"
21,2001,"ROBOS",19836,5332966,371.95,"PUE","Puebla"
21,2002,"ROBOS",21398,5396324,396.53,"PUE","Puebla"
21,2003,"ROBOS",21705,5460820,397.47,"PUE","Puebla"
21,2004,"ROBOS",21571,5519573,390.81,"PUE","Puebla"
21,2005,"ROBOS",18981,5568212,340.88,"PUE","Puebla"
21,2006,"ROBOS",17570,5620901,312.58,"PUE","Puebla"
21,2007,"ROBOS",18208,5686766,320.18,"PUE","Puebla"
21,2008,"ROBOS",20540,5759463,356.63,"PUE","Puebla"
21,2009,"ROBOS",23494,5830130,402.98,"PUE","Puebla"
21,2010,"ROBOS",25509,5899418,432.4,"PUE","Puebla"
21,2011,"ROBOS",35733,5968588,598.68,"PUE","Puebla"
21,2012,"ROBOS",39977,6034884,662.43,"PUE","Puebla"
21,2013,"ROBOS",38656,6099552,633.75,"PUE","Puebla"
22,1997,"ROBOS",7914,1480321,534.61,"QR","Quer̩taro"
22,1998,"ROBOS",7685,1511212,508.53,"QR","Quer̩taro"
22,1999,"ROBOS",7199,1540766,467.24,"QR","Quer̩taro"
22,2000,"ROBOS",6473,1566797,413.14,"QR","Quer̩taro"
22,2001,"ROBOS",7368,1593332,462.43,"QR","Quer̩taro"
22,2002,"ROBOS",7662,1622074,472.36,"QR","Quer̩taro"
22,2003,"ROBOS",7601,1651460,460.26,"QR","Quer̩taro"
22,2004,"ROBOS",7020,1679348,418.02,"QR","Quer̩taro"
22,2005,"ROBOS",7148,1704588,419.34,"QR","Quer̩taro"
22,2006,"ROBOS",7077,1731919,408.62,"QR","Quer̩taro"
22,2007,"ROBOS",8226,1763790,466.38,"QR","Quer̩taro"
22,2008,"ROBOS",8713,1798021,484.59,"QR","Quer̩taro"
22,2009,"ROBOS",9110,1831825,497.32,"QR","Quer̩taro"
22,2010,"ROBOS",11350,1864648,608.69,"QR","Quer̩taro"
22,2011,"ROBOS",12807,1896954,675.13,"QR","Quer̩taro"
22,2012,"ROBOS",13050,1928346,676.75,"QR","Quer̩taro"
22,2013,"ROBOS",13952,1959162,712.14,"QR","Quer̩taro"
23,1997,"ROBOS",7811,843751,925.75,"QROO","Quintana Roo"
23,1998,"ROBOS",2733,881598,310.01,"QROO","Quintana Roo"
23,1999,"ROBOS",7766,919795,844.32,"QROO","Quintana Roo"
23,2000,"ROBOS",9282,957640,969.26,"QROO","Quintana Roo"
23,2001,"ROBOS",9460,995884,949.91,"QROO","Quintana Roo"
23,2002,"ROBOS",9355,1034970,903.89,"QROO","Quintana Roo"
23,2003,"ROBOS",9257,1074714,861.35,"QROO","Quintana Roo"
23,2004,"ROBOS",8770,1114536,786.87,"QROO","Quintana Roo"
23,2005,"ROBOS",8784,1154464,760.87,"QROO","Quintana Roo"
23,2006,"ROBOS",8942,1196419,747.4,"QROO","Quintana Roo"
23,2007,"ROBOS",10071,1240082,812.12,"QROO","Quintana Roo"
23,2008,"ROBOS",13913,1283928,1083.63,"QROO","Quintana Roo"
23,2009,"ROBOS",14320,1328415,1077.98,"QROO","Quintana Roo"
23,2010,"ROBOS",14829,1373151,1079.92,"QROO","Quintana Roo"
23,2011,"ROBOS",13602,1417736,959.42,"QROO","Quintana Roo"
23,2012,"ROBOS",14236,1462538,973.38,"QROO","Quintana Roo"
23,2013,"ROBOS",14276,1507418,947.05,"QROO","Quintana Roo"
24,1997,"ROBOS",7708,2360336,326.56,"SLP","San Luis Potos
24,1998,"ROBOS",7446,2372958,313.79,"SLP","San Luis Potos
24,1999,"ROBOS",9282,2384274,389.3,"SLP","San Luis Potos
24,2000,"ROBOS",9168,2398757,382.2,"SLP","San Luis Potos
24,2001,"ROBOS",9461,2416516,391.51,"SLP","San Luis Potos
24,2002,"ROBOS",7968,2435418,327.17,"SLP","San Luis Potos
24,2003,"ROBOS",8880,2452722,362.05,"SLP","San Luis Potos
24,2004,"ROBOS",9420,2469055,381.52,"SLP","San Luis Potos
24,2005,"ROBOS",8369,2488784,336.27,"SLP","San Luis Potos
24,2006,"ROBOS",10431,2512494,415.17,"SLP","San Luis Potos
24,2007,"ROBOS",13566,2540415,534.01,"SLP","San Luis Potos
24,2008,"ROBOS",10665,2572386,414.6,"SLP","San Luis Potos
24,2009,"ROBOS",12736,2602748,489.33,"SLP","San Luis Potos
24,2010,"ROBOS",14761,2632014,560.83,"SLP","San Luis Potos
24,2011,"ROBOS",13305,2661440,499.92,"SLP","San Luis Potos
24,2012,"ROBOS",8755,2688728,325.62,"SLP","San Luis Potos
24,2013,"ROBOS",4385,2715176,161.5,"SLP","San Luis Potos
25,1997,"ROBOS",10041,2466280,407.13,"SIN","Sinaloa"
25,1998,"ROBOS",10949,2494684,438.89,"SIN","Sinaloa"
25,1999,"ROBOS",9773,2523038,387.35,"SIN","Sinaloa"
25,2000,"ROBOS",9038,2554568,353.8,"SIN","Sinaloa"
25,2001,"ROBOS",8702,2586842,336.39,"SIN","Sinaloa"
25,2002,"ROBOS",7981,2617824,304.87,"SIN","Sinaloa"
25,2003,"ROBOS",8788,2646634,332.04,"SIN","Sinaloa"
25,2004,"ROBOS",8626,2674642,322.51,"SIN","Sinaloa"
25,2005,"ROBOS",10576,2705409,390.92,"SIN","Sinaloa"
25,2006,"ROBOS",9529,2737707,348.07,"SIN","Sinaloa"
25,2007,"ROBOS",10576,2770426,381.75,"SIN","Sinaloa"
25,2008,"ROBOS",11374,2804003,405.63,"SIN","Sinaloa"
25,2009,"ROBOS",11788,2836121,415.64,"SIN","Sinaloa"
25,2010,"ROBOS",16467,2864930,574.78,"SIN","Sinaloa"
25,2011,"ROBOS",18995,2892138,656.78,"SIN","Sinaloa"
25,2012,"ROBOS",16811,2919032,575.91,"SIN","Sinaloa"
25,2013,"ROBOS",15234,2945502,517.2,"SIN","Sinaloa"
26,1997,"ROBOS",17831,2182008,817.18,"SON","Sonora"
26,1998,"ROBOS",20310,2225692,912.53,"SON","Sonora"
26,1999,"ROBOS",8850,2268909,390.06,"SON","Sonora"
26,2000,"ROBOS",6349,2310246,274.82,"SON","Sonora"
26,2001,"ROBOS",4796,2351912,203.92,"SON","Sonora"
26,2002,"ROBOS",4399,2394924,183.68,"SON","Sonora"
26,2003,"ROBOS",4451,2438414,182.54,"SON","Sonora"
26,2004,"ROBOS",8691,2480978,350.31,"SON","Sonora"
26,2005,"ROBOS",13126,2521866,520.49,"SON","Sonora"
26,2006,"ROBOS",12487,2564069,487,"SON","Sonora"
26,2007,"ROBOS",14349,2609126,549.95,"SON","Sonora"
26,2008,"ROBOS",11967,2655846,450.59,"SON","Sonora"
26,2009,"ROBOS",10685,2703266,395.26,"SON","Sonora"
26,2010,"ROBOS",11530,2747198,419.7,"SON","Sonora"
26,2011,"ROBOS",12586,2788585,451.34,"SON","Sonora"
26,2012,"ROBOS",12905,2830634,455.9,"SON","Sonora"
26,2013,"ROBOS",12184,2871963,424.24,"SON","Sonora"
27,1997,"ROBOS",10957,1898572,577.12,"TAB","Tabasco"
27,1998,"ROBOS",12084,1930380,625.99,"TAB","Tabasco"
27,1999,"ROBOS",9896,1961040,504.63,"TAB","Tabasco"
27,2000,"ROBOS",8759,1990196,440.11,"TAB","Tabasco"
27,2001,"ROBOS",8553,2019088,423.61,"TAB","Tabasco"
27,2002,"ROBOS",8901,2048198,434.58,"TAB","Tabasco"
27,2003,"ROBOS",8659,2077382,416.82,"TAB","Tabasco"
27,2004,"ROBOS",8469,2106198,402.1,"TAB","Tabasco"
27,2005,"ROBOS",7158,2133711,335.47,"TAB","Tabasco"
27,2006,"ROBOS",7226,2160778,334.42,"TAB","Tabasco"
27,2007,"ROBOS",11664,2188334,533.01,"TAB","Tabasco"
27,2008,"ROBOS",13075,2215935,590.04,"TAB","Tabasco"
27,2009,"ROBOS",14939,2241154,666.58,"TAB","Tabasco"
27,2010,"ROBOS",16825,2267890,741.88,"TAB","Tabasco"
27,2011,"ROBOS",17507,2296106,762.46,"TAB","Tabasco"
27,2012,"ROBOS",16074,2321782,692.31,"TAB","Tabasco"
27,2013,"ROBOS",16538,2346968,704.65,"TAB","Tabasco"
28,1997,"ROBOS",15907,2643636,601.71,"TAM","Tamaulipas"
28,1998,"ROBOS",15971,2700636,591.38,"TAM","Tamaulipas"
28,1999,"ROBOS",16101,2760094,583.35,"TAM","Tamaulipas"
28,2000,"ROBOS",15253,2821330,540.63,"TAM","Tamaulipas"
28,2001,"ROBOS",16949,2881544,588.19,"TAM","Tamaulipas"
28,2002,"ROBOS",17255,2939834,586.94,"TAM","Tamaulipas"
28,2003,"ROBOS",18648,2995520,622.53,"TAM","Tamaulipas"
28,2004,"ROBOS",19800,3048880,649.42,"TAM","Tamaulipas"
28,2005,"ROBOS",20796,3102344,670.33,"TAM","Tamaulipas"
28,2006,"ROBOS",22416,3156966,710.05,"TAM","Tamaulipas"
28,2007,"ROBOS",23264,3211860,724.32,"TAM","Tamaulipas"
28,2008,"ROBOS",23494,3264686,719.64,"TAM","Tamaulipas"
28,2009,"ROBOS",22500,3312431,679.26,"TAM","Tamaulipas"
28,2010,"ROBOS",23752,3355590,707.83,"TAM","Tamaulipas"
28,2011,"ROBOS",27548,3397926,810.73,"TAM","Tamaulipas"
28,2012,"ROBOS",23924,3440337,695.4,"TAM","Tamaulipas"
28,2013,"ROBOS",18215,3482028,523.11,"TAM","Tamaulipas"
29,1997,"ROBOS",2025,963404,210.19,"TLA","Tlaxcala"
29,1998,"ROBOS",2126,983404,216.19,"TLA","Tlaxcala"
29,1999,"ROBOS",1432,1002730,142.81,"TLA","Tlaxcala"
29,2000,"ROBOS",1729,1019616,169.57,"TLA","Tlaxcala"
29,2001,"ROBOS",1720,1036475,165.95,"TLA","Tlaxcala"
29,2002,"ROBOS",1859,1054524,176.29,"TLA","Tlaxcala"
29,2003,"ROBOS",1543,1073033,143.8,"TLA","Tlaxcala"
29,2004,"ROBOS",1222,1090566,112.05,"TLA","Tlaxcala"
29,2005,"ROBOS",2518,1105902,227.69,"TLA","Tlaxcala"
29,2006,"ROBOS",2579,1121774,229.9,"TLA","Tlaxcala"
29,2007,"ROBOS",2262,1139929,198.43,"TLA","Tlaxcala"
29,2008,"ROBOS",2143,1159150,184.88,"TLA","Tlaxcala"
29,2009,"ROBOS",1970,1177494,167.3,"TLA","Tlaxcala"
29,2010,"ROBOS",2768,1196217,231.4,"TLA","Tlaxcala"
29,2011,"ROBOS",3806,1215464,313.13,"TLA","Tlaxcala"
29,2012,"ROBOS",4130,1233686,334.77,"TLA","Tlaxcala"
29,2013,"ROBOS",4072,1251681,325.32,"TLA","Tlaxcala"
30,1997,"ROBOS",23057,7151310,322.42,"VER","Veracruz de Ignacio de la Llave"
30,1998,"ROBOS",16579,7191469,230.54,"VER","Veracruz de Ignacio de la Llave"
30,1999,"ROBOS",15238,7220880,211.03,"VER","Veracruz de Ignacio de la Llave"
30,2000,"ROBOS",13618,7245217,187.96,"VER","Veracruz de Ignacio de la Llave"
30,2001,"ROBOS",14487,7275892,199.11,"VER","Veracruz de Ignacio de la Llave"
30,2002,"ROBOS",14412,7313628,197.06,"VER","Veracruz de Ignacio de la Llave"
30,2003,"ROBOS",16079,7352821,218.68,"VER","Veracruz de Ignacio de la Llave"
30,2004,"ROBOS",16453,7391162,222.6,"VER","Veracruz de Ignacio de la Llave"
30,2005,"ROBOS",17209,7430703,231.59,"VER","Veracruz de Ignacio de la Llave"
30,2006,"ROBOS",18366,7478378,245.59,"VER","Veracruz de Ignacio de la Llave"
30,2007,"ROBOS",20910,7538346,277.38,"VER","Veracruz de Ignacio de la Llave"
30,2008,"ROBOS",19045,7608848,250.3,"VER","Veracruz de Ignacio de la Llave"
30,2009,"ROBOS",13725,7679265,178.73,"VER","Veracruz de Ignacio de la Llave"
30,2010,"ROBOS",23680,7752024,305.47,"VER","Veracruz de Ignacio de la Llave"
30,2011,"ROBOS",26819,7825202,342.73,"VER","Veracruz de Ignacio de la Llave"
30,2012,"ROBOS",28247,7890901,357.97,"VER","Veracruz de Ignacio de la Llave"
30,2013,"ROBOS",27497,7954546,345.68,"VER","Veracruz de Ignacio de la Llave"
31,1997,"ROBOS",4979,1655361,300.78,"YUC","Yucat
31,1998,"ROBOS",8108,1682140,482.01,"YUC","Yucat
31,1999,"ROBOS",7292,1708452,426.82,"YUC","Yucat
31,2000,"ROBOS",6638,1733690,382.88,"YUC","Yucat
31,2001,"ROBOS",6550,1758905,372.39,"YUC","Yucat
31,2002,"ROBOS",6819,1784528,382.12,"YUC","Yucat
31,2003,"ROBOS",6698,1810254,370,"YUC","Yucat
31,2004,"ROBOS",6309,1835636,343.7,"YUC","Yucat
31,2005,"ROBOS",6463,1860330,347.41,"YUC","Yucat
31,2006,"ROBOS",7603,1885603,403.21,"YUC","Yucat
31,2007,"ROBOS",9354,1912247,489.16,"YUC","Yucat
31,2008,"ROBOS",7648,1939845,394.26,"YUC","Yucat
31,2009,"ROBOS",7742,1967260,393.54,"YUC","Yucat
31,2010,"ROBOS",8549,1994925,428.54,"YUC","Yucat
31,2011,"ROBOS",7750,2022927,383.11,"YUC","Yucat
31,2012,"ROBOS",6983,2050422,340.56,"YUC","Yucat
31,2013,"ROBOS",6120,2077832,294.54,"YUC","Yucat
32,1997,"ROBOS",3673,1428402,257.14,"ZAC","Zacatecas"
32,1998,"ROBOS",3472,1426816,243.34,"ZAC","Zacatecas"
32,1999,"ROBOS",3600,1422351,253.1,"ZAC","Zacatecas"
32,2000,"ROBOS",3834,1419814,270.04,"ZAC","Zacatecas"
32,2001,"ROBOS",3569,1424152,250.61,"ZAC","Zacatecas"
32,2002,"ROBOS",4588,1428980,321.07,"ZAC","Zacatecas"
32,2003,"ROBOS",5044,1432102,352.21,"ZAC","Zacatecas"
32,2004,"ROBOS",4725,1434982,329.27,"ZAC","Zacatecas"
32,2005,"ROBOS",4560,1442668,316.08,"ZAC","Zacatecas"
32,2006,"ROBOS",4533,1453956,311.77,"ZAC","Zacatecas"
32,2007,"ROBOS",5194,1468020,353.81,"ZAC","Zacatecas"
32,2008,"ROBOS",5955,1485152,400.97,"ZAC","Zacatecas"
32,2009,"ROBOS",5762,1501594,383.73,"ZAC","Zacatecas"
32,2010,"ROBOS",7799,1515880,514.49,"ZAC","Zacatecas"
32,2011,"ROBOS",7511,1529708,491.01,"ZAC","Zacatecas"
32,2012,"ROBOS",8086,1543426,523.9,"ZAC","Zacatecas"
32,2013,"ROBOS",7278,1556752,467.51,"ZAC","Zacatecas"
